INSERT INTO ANO VALUES(2010);    
INSERT INTO ANO VALUES(2011);
INSERT INTO ANO VALUES(2012);
INSERT INTO ANO VALUES(2013);
INSERT INTO ANO VALUES(2014);
INSERT INTO ANO VALUES(2015);
INSERT INTO ANO VALUES(2016);
INSERT INTO ANO VALUES(2017);
INSERT INTO ANO VALUES(2018);

INSERT INTO Mes VALUES(1, 'Janeiro'); 
INSERT INTO Mes VALUES(2, 'Fevereiro'); 
INSERT INTO Mes VALUES(3, 'Março'); 
INSERT INTO Mes VALUES(4, 'Abril'); 
INSERT INTO Mes VALUES(5, 'Maio'); 
INSERT INTO Mes VALUES(6, 'Junho'); 
INSERT INTO Mes VALUES(7, 'Julho'); 
INSERT INTO Mes VALUES(8, 'Agosto'); 
INSERT INTO Mes VALUES(9, 'Setembro'); 
INSERT INTO Mes VALUES(10, 'Outubro'); 
INSERT INTO Mes VALUES(11, 'Novembro'); 
INSERT INTO Mes VALUES(12, 'Dezembro'); 

INSERT INTO Cliente VALUES (36121830018, 'Kauan Cardoso Fernandes', 'Rua Josué Meireles', 'kauanc@gmail.com', '6637357074');
INSERT INTO Cliente VALUES (59781833505, 'Anna Sousa Barbosa', 'Rua Boa Água', 'annasb@gmail.com', '815107127');
INSERT INTO Cliente VALUES (81553687779, 'Rodrigo Araujo Ferreira', 'Rua Josué Meireles', 'rodrigoaf@gmail.com', '43866288431');
INSERT INTO Cliente VALUES (24262676668	, 'Vinícius Goncalves Ribeiro', 'Rua Josué Meireles', 'vinigribeiro@gmail.com', '43221017857');
INSERT INTO Cliente VALUES (05559121916, 'Brenda Rodrigues Souza', 'Rua Josué Meireles', 'brendarsouza@gmail.com', '43068824402');
INSERT INTO Cliente VALUES (94762866016, 'Gabrielle Oliveira Ferreira', 'Rua Josué Meireles', 'gabrielefe@gmail.com', '43580861535');
INSERT INTO Cliente VALUES (33147298710, 'Miguel Costa Correia', 'Rua Josué Meireles', 'miguelcorreia@gmail.com', '43675643563');
INSERT INTO Cliente VALUES (33539424598, 'Rafael Carvalho Martins', 'Rua Josué Meireles', 'rafaelcarvalho@gmail.com', '43115420028');
INSERT INTO Cliente VALUES (11852925272, 'Sarah Melo Rodrigues', 'Rua Josué Meireles', 'sarahrodrigues@gmail.com', '43442631370');
INSERT INTO Cliente VALUES (61516549198, 'Luiz Gomes Melo', 'Rua Josué Meireles', 'luizgomesm@gmail.com', '43342017454');
INSERT INTO Cliente VALUES (73464371875, 'Victor Hugo Negrisoli', 'Rua Josué Meireles', 'vhnegrisoli@gmail.com', '43086356718');
INSERT INTO Cliente VALUES (43496553367, 'Natália Cristina Martins de Sá', 'Rua Josué Meireles', 'nataliasa@gmail.com', '43111444132');
INSERT INTO Cliente VALUES (40765290227, 'Eric Maycon da Conceição Pessoa', 'Rua Josué Meireles', 'ericmaycon@gmail.com', '43577344132');
INSERT INTO Cliente VALUES (72111314897, 'Rafael Nonino Filho', 'Rua Josué Meireles', 'rafinhanonino@gmail.com', '43313085427');

INSERT INTO Autores VALUES (1, 'John Byrne');
INSERT INTO Autores VALUES (2, 'Alan Moore');
INSERT INTO Autores VALUES (3, 'Grant Morrison');
INSERT INTO Autores VALUES (4, 'Geoff Johns');
INSERT INTO Autores VALUES (5, 'Mark Waid');
INSERT INTO Autores VALUES (6, 'Paula Pimenta');
INSERT INTO Autores VALUES (7, 'Cornelia Funke');
INSERT INTO Autores VALUES (8, 'Agatha Christie');
INSERT INTO Autores VALUES (9, 'Arthur Conan Doyle');
INSERT INTO Autores VALUES (10, 'J. R. R Tolkien');
INSERT INTO Autores VALUES (12, 'J. K. Rowling');

INSERT INTO PAISEDITORA VALUES(1, 'Brasil');
INSERT INTO PAISEDITORA VALUES(2, 'Estados Unidos da América');
INSERT INTO PAISEDITORA VALUES(3, 'Alemanha');
INSERT INTO PAISEDITORA VALUES(4, 'Itália');

INSERT INTO EDITORA VALUES(1, 'Panini Comics Brasil', 1);
INSERT INTO EDITORA VALUES(2, 'DC Comics', 2);
INSERT INTO EDITORA VALUES(5, 'Editora Gutenberg', 1);
INSERT INTO EDITORA VALUES(6, 'Editora Cia dos Livros', 1);
INSERT INTO EDITORA VALUES(8, 'Editora HarperCollins Brasil', 1);
INSERT INTO EDITORA VALUES(10, 'Editora Martins Fontes', 1);

INSERT INTO ACABAMENTO VALUES (1, 'Papel Pólen', 'Brochura');
INSERT INTO ACABAMENTO VALUES (2, 'Papel Couché', 'Brochura');
INSERT INTO ACABAMENTO VALUES (3, 'Papel LWC', 'Brochura');
INSERT INTO ACABAMENTO VALUES (4, 'Papel Pisa Brite', 'Brochura');
INSERT INTO ACABAMENTO VALUES (5, 'Papel Pólen', 'Capa Dura');
INSERT INTO ACABAMENTO VALUES (6, 'Papel Couché', 'Capa Dura');
INSERT INTO ACABAMENTO VALUES (7, 'Papel LWC', 'Capa Dura   ');
INSERT INTO ACABAMENTO VALUES (8, 'Papel Pisa Brite', 'Capa Cartonada');
INSERT INTO ACABAMENTO VALUES (9, 'Papel Coiché', 'Capa Cartonada');
INSERT INTO ACABAMENTO VALUES (10, 'Papel LWC', 'Capa Cartonada');


INSERT INTO LIVRO VALUES(1, 'O Homem de Aço', 'Em estoque', 1, 1, 10, 2003);
INSERT INTO LIVRO VALUES(2, 'Man of Steel', 'Indisponível', 1, 2, 10, 1991);
INSERT INTO LIVRO VALUES(3, 'Watchmen', 'Em estoque', 1, 2, 6, 2015);
INSERT INTO LIVRO VALUES(4, 'A Piada Mortal', 'Em estoque', 1, 2, 6, 2009);
INSERT INTO LIVRO VALUES(6, 'Multiverso', 'Em estoque', 1, 3, 6, 2017);
INSERT INTO LIVRO VALUES(5, 'Final Crisis', 'Indisponível', 2, 3, 6, 2010);
INSERT INTO LIVRO VALUES(7, 'JLA: New World Order', 'Indisponível', 2, 3, 10, 2015);
INSERT INTO LIVRO VALUES(8, 'Crise Final', 'Em estoque', 1, 3, 6, 2015);
INSERT INTO LIVRO VALUES(9, 'Superman: Origem Secreta', 'Em estoque', 1, 4, 6, 2013);
INSERT INTO LIVRO VALUES(10, 'Crise Infinita', 'Indisponível', 2, 4, 6, 2015);
INSERT INTO LIVRO VALUES(11, 'Liga da Justiça: A Guerra da Trindade', 'Em Estoque', 2, 4, 10, 2017);
INSERT INTO LIVRO VALUES(12, 'DC: Renascimento', 'Em estoque', 1, 4, 3, 2015);
INSERT INTO LIVRO VALUES(13, 'O Reino do Amanhã', 'Em estoque', 1, 5, 6, 2013);
INSERT INTO LIVRO VALUES(14, 'Superman Birthright', 'Indisponível', 2, 4, 6, 2004);
INSERT INTO LIVRO VALUES(15, 'Minha Vida Fora de Série', 'Em estoque', 5, 6, 1, 2011);
INSERT INTO LIVRO VALUES(16, 'Minha Vida Fora de Série 2', 'Em estoque', 5, 6, 1, 2013);
INSERT INTO LIVRO VALUES(17, 'Minha Vida Fora de Série 3', 'Em estoque', 5, 6, 1, 2015);
INSERT INTO LIVRO VALUES(18, 'Minha Vida Fora de Série 4', 'Em estoque', 5, 6, 1, 2017);
INSERT INTO LIVRO VALUES(19, 'Coração de Tinta', 'Em estoque', 6, 7, 1, 2006);
INSERT INTO LIVRO VALUES(20, 'Sangeu de Tinta', 'Em estoque', 6, 7, 1, 2009);
INSERT INTO LIVRO VALUES(22, 'Morte de Tinta', 'Em estoque', 6, 7, 1, 2010);
DELETE FROM LIVRO WHERE Livro_ID IN (19, 20, 22);
INSERT INTO LIVRO VALUES(23, 'Box Sherlock Holmes - 4 Volumes', 'Em estoque', 8, 9, 6, 2017);
INSERT INTO LIVRO VALUES(24, 'O Senhor dos Anéis - A Sociedade do Anel', 'Em estoque', 10, 10, 1, 2000);
INSERT INTO LIVRO VALUES(25, 'O Senhor dos Anéis - As Duas Torres', 'Em estoque', 10, 10, 1, 2000);
INSERT INTO LIVRO VALUES(26, 'O Senhor dos Anéis - O Retorno do Rei', 'Em estoque', 10, 10, 1, 2000);

INSERT INTO Compra VALUES (1, 1, 2017, 2,19.90, 12.50);
INSERT INTO Compra VALUES (2, 1, 2016, 6, 19.90, 12.50);
INSERT INTO Compra VALUES (3, 1, 2016, 7, 19.90, 12.50);
INSERT INTO Compra VALUES (4, 1, 2016, 1, 19.90, 12.50);
INSERT INTO Compra VALUES (5, 1, 2018, 12, 19.90, 12.50);
INSERT INTO Compra VALUES (6, 3, 2015, 3, 110.00, 55.50);
INSERT INTO Compra VALUES (7, 3, 2016, 5, 110.00, 55.50);
INSERT INTO Compra VALUES (8, 3, 2015, 4, 110.00, 55.50);
INSERT INTO Compra VALUES (9, 3, 2015, 12, 110.00, 55.50);
INSERT INTO Compra VALUES (10, 3, 2017, 10, 110.00, 55.50);
INSERT INTO Compra VALUES (11, 3, 2018, 11, 110.00, 55.50);
INSERT INTO Compra VALUES (12, 4, 2010, 1, 22.90, 6.50);
INSERT INTO Compra VALUES (13, 4, 2012, 3, 22.90, 6.50);
INSERT INTO Compra VALUES (14, 4, 2012, 5, 22.90, 6.50);
INSERT INTO Compra VALUES (15, 4, 2015, 10, 22.90, 6.50);
INSERT INTO Compra VALUES (16, 6, 2017, 1, 92.00, 68.00);
INSERT INTO Compra VALUES (17, 6, 2017, 3, 92.00, 68.00);
INSERT INTO Compra VALUES (18, 6, 2018, 5, 92.00, 68.00);
INSERT INTO Compra VALUES (19, 6, 2018, 10, 92.00, 68.00);
INSERT INTO Compra VALUES (20, 8, 2018, 5, 96.00, 55.00);
INSERT INTO Compra VALUES (21, 8, 2016, 5, 96.00, 55.00);
INSERT INTO Compra VALUES (22, 8, 2015, 7, 96.00, 55.00);
INSERT INTO Compra VALUES (23, 8, 2015, 6, 96.00, 55.00);
INSERT INTO Compra VALUES (24, 9, 2013, 1, 55.00, 16.50);
INSERT INTO Compra VALUES (25, 9, 2014, 3, 55.00, 16.50);
INSERT INTO Compra VALUES (26, 9, 2015, 5, 55.00, 16.50);
INSERT INTO Compra VALUES (27, 9, 2013, 10, 55.00, 16.50);
INSERT INTO Compra VALUES (28, 11, 2017, 5, 72.00, 23.50);
INSERT INTO Compra VALUES (29, 11, 2017, 3, 72.00, 23.50);
INSERT INTO Compra VALUES (30, 11, 2018, 9, 72.00, 23.50);
INSERT INTO Compra VALUES (31, 12, 2017, 1, 11.90, 3.50);
INSERT INTO Compra VALUES (32, 12, 2017, 3, 11.90, 3.50);
INSERT INTO Compra VALUES (33, 13, 2013, 1, 71.90, 30.50);
INSERT INTO Compra VALUES (34, 13, 2013, 3, 71.90, 30.50);
INSERT INTO Compra VALUES (35, 13, 2013, 1, 71.90, 30.50);
INSERT INTO Compra VALUES (36, 13, 2014, 3, 71.90, 30.50);
INSERT INTO Compra VALUES (37, 15, 2013, 2, 39.90, 10.50);
INSERT INTO Compra VALUES (38, 15, 2011, 2, 39.90, 10.50);
INSERT INTO Compra VALUES (39, 15, 2011, 4, 39.90, 10.50);
INSERT INTO Compra VALUES (40, 15, 2015, 4, 39.90, 10.50);
INSERT INTO Compra VALUES (41, 15, 2011, 5, 39.90, 10.50);
INSERT INTO Compra VALUES (42, 15, 2013, 6, 39.90, 10.50);
INSERT INTO Compra VALUES (43, 16, 2013, 4, 39.90, 10.50);
INSERT INTO Compra VALUES (44, 16, 2014, 4, 39.90, 10.50);
INSERT INTO Compra VALUES (45, 16, 2014, 8, 39.90, 10.50);
INSERT INTO Compra VALUES (46, 16, 2015, 8, 39.90, 10.50);
INSERT INTO Compra VALUES (47, 17, 2015, 9, 39.90, 10.50);
INSERT INTO Compra VALUES (48, 17, 2015, 10, 39.90, 10.50);
INSERT INTO Compra VALUES (49, 17, 2016, 11, 39.90, 10.50);
INSERT INTO Compra VALUES (50, 17, 2017, 5, 39.90, 10.50);
INSERT INTO Compra VALUES (51, 18, 2017, 5, 39.90, 10.50);
INSERT INTO Compra VALUES (52, 18, 2017, 5, 39.90, 10.50);
INSERT INTO Compra VALUES (53, 18, 2017, 6, 39.90, 10.50);
INSERT INTO Compra VALUES (54, 18, 2018, 7, 39.90, 10.50);
INSERT INTO Compra VALUES (55, 18, 2018, 5, 39.90, 10.50);
INSERT INTO Compra VALUES (56, 18, 2018, 7, 39.90, 10.50);
INSERT INTO Compra VALUES (57, 23, 2017, 1, 124.00, 56.00);
INSERT INTO Compra VALUES (58, 23, 2018, 3, 124.00, 56.00);
INSERT INTO Compra VALUES (59, 23, 2018, 1, 124.00, 56.00);
INSERT INTO Compra VALUES (60, 24, 2010, 5, 32.50, 9.90);
INSERT INTO Compra VALUES (61, 24, 2010, 9, 32.50, 9.90);
INSERT INTO Compra VALUES (62, 24, 2011, 11, 32.50, 9.90);
INSERT INTO Compra VALUES (63, 25, 2012, 1, 32.50, 9.90);
INSERT INTO Compra VALUES (64, 26, 2011, 1, 39.50, 12.90);
INSERT INTO Compra VALUES (65, 26, 2012, 3, 39.50, 12.90);
INSERT INTO Compra VALUES (66, 19, 2010, 3, 39.50, 12.90);
INSERT INTO Compra VALUES (67, 19, 2011, 3, 39.50, 12.90);
INSERT INTO Compra VALUES (68, 20, 2011, 1, 39.50, 12.90);
INSERT INTO Compra VALUES (69, 20, 2012, 3, 39.50, 12.90);
INSERT INTO Compra VALUES (70, 20, 2016, 3, 39.50, 12.90);
INSERT INTO Compra VALUES (71, 20, 2017, 3, 39.50, 12.90);

INSERT INTO ITEMDACOMPRA VALUES (1, 73464371875);
INSERT INTO ITEMDACOMPRA VALUES (2, 73464371875);
INSERT INTO ITEMDACOMPRA VALUES (3, 73464371875);
INSERT INTO ITEMDACOMPRA VALUES (4, 36121830018);
INSERT INTO ITEMDACOMPRA VALUES (5, 73464371875);
INSERT INTO ITEMDACOMPRA VALUES (6, 73464371875);
INSERT INTO ITEMDACOMPRA VALUES (7, 59781833505);
INSERT INTO ITEMDACOMPRA VALUES (8, 59781833505);
INSERT INTO ITEMDACOMPRA VALUES (9, 40765290227);
INSERT INTO ITEMDACOMPRA VALUES (10, 40765290227);
INSERT INTO ITEMDACOMPRA VALUES (11, 40765290227);
INSERT INTO ITEMDACOMPRA VALUES (12, 72111314897);
INSERT INTO ITEMDACOMPRA VALUES (13, 72111314897);
INSERT INTO ITEMDACOMPRA VALUES (14, 72111314897);
INSERT INTO ITEMDACOMPRA VALUES (15, 24262676668);
INSERT INTO ITEMDACOMPRA VALUES (16, 24262676668);
INSERT INTO ITEMDACOMPRA VALUES (17, 24262676668);
INSERT INTO ITEMDACOMPRA VALUES (37, 43496553367);
INSERT INTO ITEMDACOMPRA VALUES (43, 43496553367);
INSERT INTO ITEMDACOMPRA VALUES (47, 43496553367);
INSERT INTO ITEMDACOMPRA VALUES (51, 43496553367);
INSERT INTO ITEMDACOMPRA VALUES (18, 81553687779);
INSERT INTO ITEMDACOMPRA VALUES (19, 81553687779);
INSERT INTO ITEMDACOMPRA VALUES (20, 81553687779);
INSERT INTO ITEMDACOMPRA VALUES (21, 81553687779);
INSERT INTO ITEMDACOMPRA VALUES (22, 81553687779);
INSERT INTO ITEMDACOMPRA VALUES (23, 81553687779);
INSERT INTO ITEMDACOMPRA VALUES (24, 05559121916);
INSERT INTO ITEMDACOMPRA VALUES (25, 05559121916);
INSERT INTO ITEMDACOMPRA VALUES (26, 05559121916);
INSERT INTO ITEMDACOMPRA VALUES (27, 05559121916);
INSERT INTO ITEMDACOMPRA VALUES (28, 05559121916);
INSERT INTO ITEMDACOMPRA VALUES (29, 05559121916);
INSERT INTO ITEMDACOMPRA VALUES (30, 05559121916);
INSERT INTO ITEMDACOMPRA VALUES (31, 94762866016);
INSERT INTO ITEMDACOMPRA VALUES (31, 05559121916);
INSERT INTO ITEMDACOMPRA VALUES (33, 05559121916);
INSERT INTO ITEMDACOMPRA VALUES (34, 05559121916);
INSERT INTO ITEMDACOMPRA VALUES (35, 05559121916);
INSERT INTO ITEMDACOMPRA VALUES (36, 05559121916);
INSERT INTO ITEMDACOMPRA VALUES (37, 05559121916);
INSERT INTO ITEMDACOMPRA VALUES (38, 33147298710);
INSERT INTO ITEMDACOMPRA VALUES (39, 33147298710);
INSERT INTO ITEMDACOMPRA VALUES (40, 33147298710);
INSERT INTO ITEMDACOMPRA VALUES (41, 33147298710);
INSERT INTO ITEMDACOMPRA VALUES (42, 33147298710);
INSERT INTO ITEMDACOMPRA VALUES (43, 33147298710);
INSERT INTO ITEMDACOMPRA VALUES (44, 33147298710);
INSERT INTO ITEMDACOMPRA VALUES (38, 33539424598);
INSERT INTO ITEMDACOMPRA VALUES (39, 33539424598);
INSERT INTO ITEMDACOMPRA VALUES (40, 73464371875);
INSERT INTO ITEMDACOMPRA VALUES (41, 40765290227);
INSERT INTO ITEMDACOMPRA VALUES (42, 33147298710);
INSERT INTO ITEMDACOMPRA VALUES (43, 33147298710);
INSERT INTO ITEMDACOMPRA VALUES (44, 61516549198);
INSERT INTO ITEMDACOMPRA VALUES (45, 61516549198);
INSERT INTO ITEMDACOMPRA VALUES (46, 73464371875);
INSERT INTO ITEMDACOMPRA VALUES (47, 73464371875);
INSERT INTO ITEMDACOMPRA VALUES (48, 73464371875);
INSERT INTO ITEMDACOMPRA VALUES (49, 73464371875);
INSERT INTO ITEMDACOMPRA VALUES (50, 40765290227);
INSERT INTO ITEMDACOMPRA VALUES (51, 61516549198);
INSERT INTO ITEMDACOMPRA VALUES (52, 33147298710);
INSERT INTO ITEMDACOMPRA VALUES (53, 61516549198);
INSERT INTO ITEMDACOMPRA VALUES (54, 61516549198);
INSERT INTO ITEMDACOMPRA VALUES (55, 73464371875);
INSERT INTO ITEMDACOMPRA VALUES (56, 33147298710);
INSERT INTO ITEMDACOMPRA VALUES (57, 73464371875);
INSERT INTO ITEMDACOMPRA VALUES (58, 05559121916);
INSERT INTO ITEMDACOMPRA VALUES (59, 40765290227);
INSERT INTO ITEMDACOMPRA VALUES (60, 33147298710);
INSERT INTO ITEMDACOMPRA VALUES (61, 05559121916);
INSERT INTO ITEMDACOMPRA VALUES (62, 05559121916);
INSERT INTO ITEMDACOMPRA VALUES (63, 61516549198);
INSERT INTO ITEMDACOMPRA VALUES (64, 73464371875);
INSERT INTO ITEMDACOMPRA VALUES (65, 05559121916);
INSERT INTO ITEMDACOMPRA VALUES (66, 73464371875);
INSERT INTO ITEMDACOMPRA VALUES (67, 73464371875);
INSERT INTO ITEMDACOMPRA VALUES (68, 61516549198);
INSERT INTO ITEMDACOMPRA VALUES (69, 61516549198);
INSERT INTO ITEMDACOMPRA VALUES (70, 40765290227);
INSERT INTO ITEMDACOMPRA VALUES (71, 40765290227);
INSERT INTO ITEMDACOMPRA VALUES (72, 73464371875);
INSERT INTO ITEMDACOMPRA VALUES (73, 73464371875);